Operação,Pandas,Dask,Koalas, Vencedor
2a - Value Counts,0.08404970169067383,0.3963804244995117,0.18543052673339844,Pandas
2b - GroupBy,0.2432863712310791,0.7616231441497803,0.1631455421447754,Koalas
2c - Filtragem,0.17175626754760742,0.7406175136566162,1.5335028171539307,Pandas
