Operação,Dask,Koalas,Pandas,Ratio Dask/Pandas,Ratio Koalas/Pandas,Modin,Ratio Modin/Pandas,DaskModin,Ratio DaskModin/Pandas,JobLib (seq),Ratio JobLib (seq)/Pandas,JobLib (parallel),Ratio JobLib (parallel)/Pandas,cuDF (GPU),Ratio cuDF (GPU)/Pandas, Vencedor
Task 1 - Leitura,4.5869,10.6917,2.6898,1.71,3.97,13.918373719999863,5.17,7.451376931000141,2.77,1.5505857260000084,0.58,16.863001105999956,6.27,1.1374575659999664,0.42,cuDF (GPU)
Task 2a - Value Counts,0.3964,0.1854,0.084,4.72,2.21,1.3128705024719238,15.63,0.7169814109802246,8.54,0.0328063860001748,0.39,1.635696553999992,19.47,0.268539407999981,3.2,JobLib (seq)
Task 2b - GroupBy,0.7616,0.1631,0.2433,3.13,0.67,3.144300699234009,12.92,0.4595999717712402,1.89,0.1226545640001859,0.5,1.547627632000058,6.36,0.033171592000030614,0.14,cuDF (GPU)
Task 2c - Filtragem,0.7406,1.5335,0.1718,4.31,8.93,11.00859522819519,64.08,0.7517104148864746,4.38,0.0704881999999997,0.41,1.5274494850000335,8.89,0.17729116200001727,1.03,JobLib (seq)
Task 3 - Join,2.4821,0.697,2.338,1.06,0.3,312.8696937561035,133.82,17.24572467803955,7.38,1.3146985170001244,0.56,12.122687056000018,5.19,0.16149187599995685,0.07,cuDF (GPU)
Task 4 - Cálculo,0.7859,0.2306,0.1014,7.75,2.27,51.56553435325623,508.54,0.2273356914520263,2.24,0.0486562252044677,0.48,9.88218092918396,97.46,0.037752655000019786,0.37,cuDF (GPU)
Task 5 - Escrita,11.4636,32.113,6.6672,1.72,4.82,9.390803813934326,1.41,7.852370262145996,1.18,4.185805082321167,0.63,8.969399452209473,1.35,0.6272600620000048,0.09,cuDF (GPU)
