Operação,Pandas,Dask,Koalas,Modin, Vencedor
2a - Value Counts,0.0840497016906738,0.3963804244995117,0.1854305267333984,1.3128705024719238,Pandas
2b - GroupBy,0.2432863712310791,0.7616231441497803,0.1631455421447754,3.144300699234009,Koalas
2c - Filtragem,0.1717562675476074,0.7406175136566162,1.5335028171539309,11.00859522819519,Pandas
