Biblioteca,Tempo Join (s),Performance
Pandas,2.337975263595581,---
Dask,2.482142448425293,---
Koalas,0.6970443725585938, VENCEDOR
Modin,312.8696937561035,---
